product,customers,avg_premium,churn_rate
Auto,6346,851.6239347620549,60.94
Health,1685,1372.728005934718,57.8
Home,4406,421.4378983204721,59.8
Life,2563,1841.2356184159187,59.89
