risk_zone,customers,avg_premium,claims
High,4248,1119.4695903954803,42.0
Low,4323,810.1771732593106,47.0
Medium,6429,938.7916798880075,66.0
